{
    "bator_profile": {
        "Absolute diff in elapse time per obstype": {
            "airs": 0.8017699718475342, 
            "atms": -0.767693042755127, 
            "conv": 0.636207103729248, 
            "cris": 6.636656045913696, 
            "geow": 15.617144107818604, 
            "gmi": 1.385667085647583, 
            "gps": -3.1566171646118164, 
            "gpssol": 0.1814868450164795, 
            "iasi": 3.7136640548706055, 
            "mwhsx": -2.1233909130096436, 
            "scat": 0.10466313362121582, 
            "sev": 15.469273328781128, 
            "ssmis": 15.410075902938843, 
            "tovsa": -1.6260128021240234, 
            "tovsb": -0.2974209785461426, 
            "tovsh": -1.1857819557189941
        }, 
        "Absolute diff in memory per obstype": {
            "airs": -516096.0, 
            "atms": -45056.0, 
            "conv": -827392.0, 
            "cris": -307200.0, 
            "geow": 2265088.0, 
            "gmi": -258048.0, 
            "gps": -438272.0, 
            "gpssol": -348160.0, 
            "iasi": -335872.0, 
            "mwhsx": -225280.0, 
            "scat": -487424.0, 
            "sev": -77824.0, 
            "ssmis": -36864.0, 
            "tovsa": -286720.0, 
            "tovsb": -397312.0, 
            "tovsh": -1130496.0
        }, 
        "Absolute diff in total elapse time": 50.79969072341919, 
        "Absolute diff in total memory": -3452928.0, 
        "Max relative diff in elapse time": "+40.0%", 
        "Max relative diff in memory": "+226508800.0%", 
        "Relative diff in elapse time per obstype": {
            "airs": 0.0707080126343374, 
            "atms": -0.06556432186422259, 
            "conv": 0.06107783304509704, 
            "cris": 0.12066715827122679, 
            "geow": 0.3740073521968072, 
            "gmi": 0.10105515614883133, 
            "gps": -0.3688418074641827, 
            "gpssol": 0.016635377442452578, 
            "iasi": 0.0495515340759951, 
            "mwhsx": -0.24799533912343422, 
            "scat": 0.0125745000508435, 
            "sev": 0.39114401708187774, 
            "ssmis": 0.3995985760180723, 
            "tovsa": -0.12962553192621676, 
            "tovsb": -0.018311815095400672, 
            "tovsh": -0.09176059409658684
        }, 
        "Relative diff in memory per obstype": {
            "airs": -0.0001681562732299217, 
            "atms": -1.9289413093302893e-05, 
            "conv": -0.0006099052231437897, 
            "cris": -2.0650496135053143e-05, 
            "geow": 0.0011845194235481605, 
            "gmi": -5.31627624383987e-05, 
            "gps": -0.00035215787204491823, 
            "gpssol": -0.0002885287748049885, 
            "iasi": -1.597125796834302e-05, 
            "mwhsx": -0.00013678223522067947, 
            "scat": -0.00023099126309516645, 
            "sev": -3.550651918379856e-05, 
            "ssmis": -1.0438449681453311e-05, 
            "tovsa": -0.0001416516583362001, 
            "tovsb": -0.00010981571338325231, 
            "tovsh": -0.0004872915769179161
        }, 
        "Relative diff in total elapse time": "+13.5%", 
        "Relative diff in total memory": "0.0%", 
        "mainMetrics": "Max relative diff in elapse time"
    }, 
    "comparisonStatus": {
        "short": "- No expert -", 
        "symbol": "-", 
        "text": "No expert available"
    }
}